id;title;date;type;content;pinned;event_time
1;Saint Helena Pound mesh;2020-10-01;BLOG;deposit Incredible Wooden Hat;true;2020-10-01
2;solutions;2020-10-01;EVENT;Pataca;false;2020-10-01
3;New York Multi-layered;2020-10-01;NEWS;methodologies;true;2020-10-01
4;system;2020-10-01;EVENT;index PCI;true;2020-10-01
5;mint green Licensed Soft Shoes;2020-09-30;NEWS;Awesome Checking Account;false;2020-10-01
6;Ouguiya;2020-10-01;BLOG;Technician;true;2020-10-01
7;Paradigm connecting calculate;2020-10-01;EVENT;Tasty Fundamental Keys;true;2020-10-01
8;out-of-the-box Qatari Rial initiatives;2020-10-01;EVENT;Georgia Rhode Island stable;true;2020-10-01
9;Gateway olive;2020-10-01;EVENT;South Africa Awesome;false;2020-10-01
10;Enterprise-wide Metal;2020-10-01;BLOG;Granite Fantastic enterprise;true;2020-10-01
